1904,1914,1924,1934,1944,1954,1964,1974,1984,3000
MARY,MARY,MARGARET,MARGARET,MARGARET,SUSAN,SUSAN,SARAH,SARAH,REBECCA
FLORENCE,MARGARET,MARY,JEAN,PATRICIA,LINDA,JULIE,CLAIRE,LAURA,LAUREN
DORIS,DORIS,JOAN,MARY,CHRISTINE,CHRISTINE,KAREN,NICOLA,GEMMA,JESSICA
EDITH,DOROTHY,JOYCE,JOAN,MARY,MARGARET,JACQUELINE,EMMA,EMMA,CHARLOTTE
DOROTHY,KATHLEEN,DOROTHY,PATRICIA,JEAN,JANET,DEBORAH,LISA,REBECCA,HANNAH
ANNIE,FLORENCE,KATHLEEN,SHEILA,ANN,PATRICIA,TRACEY,JOANNE,CLAIRE,SOPHIE
MARGARET,ELSIE,DORIS,BARBARA,SUSAN,CAROL,JANE,MICHELLE,VICTORIA,AMY
ALICE,EDITH,IRENE,DOREEN,JANET,ELIZABETH,HELEN,HELEN,SAMANTHA,EMILY
ELIZABETH,ELIZABETH,ELIZABETH,JUNE,MAUREEN,MARY,DIANE,SAMANTHA,RACHEL,LAURA
ELSIE,WINIFRED,EILEEN,SHIRLEY,BARBARA,ANNE,SHARON,KAREN,AMY,EMMA
GLADYS,GLADYS,BETTY,DOROTHY,VALERIE,ANN,TRACY,AMANDA,JENNIFER,CHLOE
WINIFRED,ANNIE,JEAN,JOYCE,CAROL,JANE,ANGELA,RACHEL,NICOLA,SARAH
ETHEL,ALICE,MARJORIE,MAUREEN,SANDRA,JACQUELINE,SARAH,LOUISE,KATIE,LUCY
HILDA,PHYLLIS,GLADYS,ELIZABETH,PAULINE,BARBARA,ALISON,JULIE,LISA,KATIE
LILIAN,HILDA,DOREEN,AUDREY,ELIZABETH,SANDRA,CAROLINE,CLARE,KELLY,BETHANY
IVY,LILIAN,VERA,BRENDA,JOAN,GILLIAN,AMANDA,REBECCA,NATALIE,JADE
VIOLET,IVY,ELSIE,KATHLEEN,PAMELA,PAULINE,SANDRA,SHARON,LOUISE,MEGAN
KATHLEEN,MARJORIE,BARBARA,SYLVIA,JENNIFER,ELAINE,LINDA,VICTORIA,MICHELLE,ALICE
ELLEN,ETHEL,WINIFRED,EILEEN,KATHLEEN,LESLEY,CATHERINE,CAROLINE,HAYLEY,RACHEL
LILY,VIOLET,EDNA,PAMELA,ANNE,ANGELA,ELIZABETH,SUSAN,HANNAH,SAMANTHA
SARAH,IRENE,AUDREY,BETTY,SHEILA,PAMELA,CAROL,ALISON,HELEN,DANIELLE
NELLIE,EDNA,EDITH,BERYL,BRENDA,HELEN,JOANNE,CATHERINE,CHARLOTTE,HOLLY
EMILY,VERA,FLORENCE,ANN,GILLIAN,JENNIFER,WENDY,ELIZABETH,JOANNE,ABIGAIL
MABEL,ELLEN,PHYLLIS,IRENE,LINDA,VALERIE,JANET,DEBORAH,LUCY,OLIVIA
ADA,LILY,LILIAN,JANET,JACQUELINE,JEAN,DAWN,DONNA,ELIZABETH,STEPHANIE
BEATRICE,OLIVE,HILDA,ANNE,SYLVIA,CATHERINE,CHRISTINE,TRACEY,LEANNE,ELIZABETH
MARJORIE,EILEEN,OLIVE,RITA,CAROLE,JULIE,NICOLA,TRACY,DANIELLE,VICTORIA
MAY,EVELYN,ANNIE,PAULINE,EILEEN,KATHLEEN,GILLIAN,ANGELA,DONNA,NATASHA
ROSE,JOAN,VIOLET,MAVIS,WENDY,DENISE,SALLY,JANE,KATHERINE,GEORGIA
OLIVE,ROSE,ALICE,IRIS,JUDITH,MAUREEN,MARIA,ZOE,CLARE,ZOE
EVELYN,SARAH,PATRICIA,MARJORIE,DOROTHY,JUDITH,MICHELLE,KERRY,STEPHANIE,NATALIE
PHYLLIS,NELLIE,IVY,VALERIE,JUNE,WENDY,DEBRA,MELANIE,STACEY,ELEANOR
GERTRUDE,BEATRICE,MURIEL,DORIS,JOYCE,DIANE,PAULA,SALLY,LAUREN,SHANNON
CATHERINE,MABEL,IRIS,MARION,IRENE,SHEILA,ANNE,JENNIFER,JOANNA,PAIGE
AGNES,MAY,EVELYN,MARINA,DIANE,JANICE,LORRAINE,DAWN,KERRY,GEORGINA
JESSIE,CATHERINE,PEGGY,CATHERINE,ROSEMARY,LYNN,PATRICIA,ANDREA,EMILY,GEMMA
FRANCES,FRANCES,CATHERINE,VERA,ANGELA,KAREN,MARY,SUZANNE,CATHERINE,NICOLE
GRACE,EMILY,ETHEL,JOSEPHINE,DOREEN,YVONNE,DENISE,LUCY,SOPHIE,CHELSEA
IRENE,ADA,BERYL,EDNA,SHIRLEY,LYNNE,MARGARET,JOANNA,ANNA,KIRSTY
EVA,JESSIE,GWENDOLINE,LILIAN,MARION,SHIRLEY,ANN,ANNA,JESSICA,ALEXANDRA
CONSTANCE,MURIEL,ELLEN,NORMA,RITA,MARION,BEVERLEY,CHARLOTTE,ZOE,MELISSA
EDNA,GRACE,SYLVIA,ROSEMARY,CATHERINE,MARIA,DONNA,PAULA,KIRSTY,JENNIFER
JANE,AGNES,SHEILA,PHYLLIS,YVONNE,ROSEMARY,ELAINE,KATHERINE,KIMBERLEY,HAYLEY
AMY,CONSTANCE,ROSE,HAZEL,JOSEPHINE,CAROLE,FIONA,MARIA,KATE,LOUISE
VERA,GWENDOLINE,CONSTANCE,EVELYN,HELEN,JOAN,JENNIFER,MARIE,JENNA,KATHERINE
MURIEL,GERTRUDE,FRANCES,EDITH,BERYL,MARILYN,LESLEY,FIONA,CAROLINE,JODIE
DAISY,NORA,LILY,OLIVE,HAZEL,JUNE,LOUISE,KELLY,NATASHA,GRACE
MINNIE,EVA,FREDA,WINIFRED,FRANCES,LORRAINE,MANDY,NATALIE,RACHAEL,ANNA
MAUD,JOYCE,MARION,FLORENCE,JANICE,LYNDA,TINA,KATHRYN,AMANDA,MOLLY
LUCY,NANCY,NANCY,RUTH,ELAINE,SALLY,JAYNE,JACQUELINE,KATHRYN,AMBER
EMMA,JANE,GRACE,ELSIE,DIANA,MARIAN,SUZANNE,WENDY,KAREN,JASMINE
ELEANOR,FREDA,BEATRICE,MURIEL,VERONICA,BRENDA,ANDREA,SARA,ALEXANDRA,KAYLEIGH
LOUISA,BARBARA,SARAH,MARIE,JANE,ALISON,PAULINE,HAYLEY,JODIE,KELLY
DORA,DAISY,AGNES,DAPHNE,MARILYN,TERESA,LISA,LAURA,ALISON,HARRIET
NORA,ANNE,RUTH,FRANCES,LESLEY,JULIA,CLAIRE,NATASHA,SARA,ASHLEIGH
GWENDOLINE,NORAH,MAY,CHRISTINE,NORMA,HEATHER,KIM,RUTH,JEMMA,CATHERINE
HELEN,AMY,NORA,THELMA,MARIA,MARIE,JULIA,LORRAINE,CARLY,LEAH
IDA,IRIS,BRENDA,GLADYS,HEATHER,EILEEN,TERESA,TINA,HEATHER,NICOLA
CLARA,DORA,JESSIE,MARIA,GLORIA,DEBORAH,HEATHER,RACHAEL,HOLLY,FRANCESCA
HANNAH,HELEN,PAMELA,GWENDOLINE,MARIE,KATHRYN,KATHRYN,ANNE,RUTH,NAOMI
ANNE,LUCY,ANNE,HILDA,MARJORIE,HILARY,LYNN,STEPHANIE,FIONA,KATE
NORAH,RUTH,HELEN,VIOLET,HILARY,CAROLINE,RUTH,KIRSTY,MELISSA,ABBIE
KATE,MARION,MARIE,HELEN,JILL,SHARON,YVONNE,CHRISTINE,ANGELA,CLAIRE
MARTHA,MAUD,MABEL,ROSE,CYNTHIA,SYLVIA,JUDITH,JULIA,SUZANNE,LEANNE
BERTHA,BETTY,EVA,CYNTHIA,RUTH,RUTH,MELANIE,GILLIAN,KATY,RACHAEL
LILLIAN,MINNIE,MARIA,ALICE,MAVIS,IRENE,MARIE,CHERYL,MARIE,ROSIE
ANN,ELEANOR,RUBY,GILLIAN,AUDREY,DOROTHY,PAMELA,HANNAH,NAOMI,AIMEE
MARION,RUBY,NELLIE,ENID,MARLENE,SARAH,CAROLE,VANESSA,CHERYL,ELLIE
BESSIE,IDA,HAZEL,ANNIE,BETTY,FRANCES,BARBARA,ANN,MELANIE,SIAN
EILEEN,HANNAH,EMILY,YVONNE,JULIA,JOSEPHINE,GAIL,JAYNE,SALLY,KIMBERLEY
LAURA,LILLIAN,JOSEPHINE,FREDA,EVELYN,JILL,LYNNE,DIANE,JULIE,LYDIA
MILDRED,ANN,DAPHNE,ELLEN,PENELOPE,JOYCE,CLARE,HEATHER,CHARLENE,HOLLIE
RUTH,LOUISA,JANE,IVY,LYNDA,HAZEL,JANICE,SANDRA,JADE,STACEY
ISABELLA,BESSIE,ADA,JANE,CHRISTINA,ANNETTE,RACHEL,TERESA,SIAN,BETHAN
CHARLOTTE,JEAN,PAULINE,PEGGY,JEANETTE,BEVERLEY,JILL,KATE,TRACEY,AMELIA
ESTHER,CLARA,ANN,SARAH,CAROLYN,GAIL,KATHERINE,LINDA,ELEANOR,BETH
RUBY,MARIE,ENID,MARLENE,IRIS,RITA,KATHLEEN,MARY,DEBORAH,KATHRYN
HARRIET,DOREEN,GERTRUDE,NANCY,ANITA,GERALDINE,SHIRLEY,ELAINE,MARIA,HEATHER
MARIE,EMMA,RITA,BRIDGET,DENISE,DIANA,ANNETTE,GEORGINA,LINDSEY,LISA
MARIA,MILDRED,JUNE,DIANA,KAY,CAROLYN,CAROLYN,EMILY,ABIGAIL,HELEN
CAROLINE,ISABELLA,STELLA,GRACE,MARIAN,CHRISTINA,ANNA,KATIE,LINDSAY,ELLA
BARBARA,SYLVIA,NORAH,TERESA,VERA,PENELOPE,SARA,ALEXANDRA,SUSAN,ROBYN
ELIZA,ESTHER,MAVIS,VERONICA,TERESA,JEANETTE,VALERIE,NICHOLA,ALICE,CHANTELLE
ROSINA,MARTHA,THELMA,AGNES,GEORGINA,SUZANNE,CHERYL,CAROL,GEORGINA,ELLEN
AMELIA,BERTHA,MILDRED,ANGELA,SALLY,AMANDA,JEANETTE,SOPHIE,AIMEE,DAISY
FREDA,AUDREY,BRIDGET,CONSTANCE,SARAH,DAWN,KAY,HEIDI,JANE,DEMI
MILLICENT,LAURA,MONICA,JENNIFER,BRIDGET,THERESA,ANITA,KIM,KIM,COURTNEY
JANET,MARGERY,DAISY,MARIAN,LILIAN,ANNA,MAXINE,TANYA,CARLA,GABRIELLE
FANNY,ROSINA,ELEANOR,JILL,MONICA,JOY,FRANCES,PATRICIA,CHRISTINE,YASMIN
JOAN,MARIA,LILLIAN,WENDY,JOY,DOREEN,JOANNA,BEVERLEY,DAWN,LILY
LYDIA,JANET,ALMA,ETHEL,GLENYS,FIONA,THERESA,LEANNE,TANYA,RHIANNON
IRIS,BRIDGET,LUCY,JOY,JULIE,CHERYL,DEBBIE,DENISE,JENNY,MARIA
BLANCHE,BERYL,DORA,JACQUELINE,VIVIENNE,KAY,LYNDA,TARA,ANDREA,KERRY
MIRIAM,ENID,CHRISTINE,GLORIA,DAPHNE,GLYNIS,MAUREEN,CLAIR,LYNDSEY,IMOGEN
JEAN,JOSEPHINE,MAUREEN,LILY,CAROLINE,ANITA,ROSEMARY,SONIA,JACQUELINE,REBEKAH
RACHEL,CHARLOTTE,JANET,MOLLY,PHYLLIS,STEPHANIE,MICHELE,DEBBIE,LYNSEY,JORDAN
ELLA,KATE,ROSEMARY,HEATHER,GWENDOLINE,NICOLA,LAURA,LESLEY,CHLOE,JOANNA
MARGERY,AMELIA,HANNAH,MAY,GERALDINE,VERONICA,REBECCA,ANITA,MARY,CAITLIN
CHRISTINA,PATRICIA,SYBIL,MONICA,DORIS,ANDREA,SHEILA,LINDSEY,LEAH,JEMMA
NANCY,MILLICENT,AMY,JUDITH,MURIEL,AUDREY,STEPHANIE,DEBRA,TONI,TONI