Girls,Boys
MARY,WILLIAM
FLORENCE,JOHN
DORIS,GEORGE
EDITH,THOMAS
DOROTHY,ARTHUR
ANNIE,JAMES
MARGARET,CHARLES
ALICE,FREDERICK
ELIZABETH,ALBERT
ELSIE,ERNEST
GLADYS,ALFRED
WINIFRED,EDWARD
ETHEL,JOSEPH
HILDA,HAROLD
LILIAN,ROBERT
IVY,FRANK
VIOLET,HENRY
KATHLEEN,HARRY
ELLEN,WALTER
LILY,REGINALD
SARAH,HERBERT
NELLIE,LEONARD
EMILY,STANLEY
MABEL,LESLIE
ADA,RICHARD
BEATRICE,CYRIL
MARJORIE,SIDNEY
MAY,FRANCIS
ROSE,PERCY
OLIVE,DAVID
EVELYN,WILFRED
PHYLLIS,SAMUEL
GERTRUDE,NORMAN
CATHERINE,CECIL
AGNES,ERIC
JESSIE,SYDNEY
FRANCES,HORACE
GRACE,FRED
IRENE,JACK
EVA,EDWIN
CONSTANCE,RONALD
EDNA,ALEXANDER
JANE,CLIFFORD
AMY,PATRICK
VERA,BERNARD
MURIEL,MICHAEL
DAISY,VICTOR
MINNIE,PHILIP
MAUD,EDGAR
LUCY,MAURICE
EMMA,DONALD
ELEANOR,KENNETH
LOUISA,BENJAMIN
DORA,DOUGLAS
NORA,HUGH
GWENDOLINE,LAWRENCE
HELEN,DANIEL
IDA,GEOFFREY
CLARA,PETER
HANNAH,ARCHIBALD
ANNE,CHRISTOPHER
NORAH,ALAN
KATE,TOM
MARTHA,GILBERT
BERTHA,HUBERT
LILLIAN,RALPH
ANN,STEPHEN
MARION,GERALD
BESSIE,BERTIE
EILEEN,LEWIS
LAURA,ANDREW
MILDRED,PERCIVAL
RUTH,RAYMOND
ISABELLA,BERTRAM
CHARLOTTE,ARNOLD
ESTHER,EDMUND
RUBY,CLARENCE
HARRIET,LOUIS
MARIE,IVOR
MARIA,ROLAND
CAROLINE,MARK
BARBARA,GORDON
ELIZA,CLAUDE
ROSINA,MATTHEW
AMELIA,MARTIN
FREDA,LIONEL
MILLICENT,DENNIS
JANET,EVAN
FANNY,HECTOR
JOAN,ALEC
LYDIA,ANTHONY
IRIS,ALLAN
BLANCHE,OLIVER
MIRIAM,OWEN
JEAN,HOWARD
RACHEL,COLIN
ELLA,MORRIS
MARGERY,DENIS
CHRISTINA,LAURENCE
NANCY,JESSE
MARY,JOHN
MARGARET,WILLIAM
DORIS,GEORGE
DOROTHY,THOMAS
KATHLEEN,JAMES
FLORENCE,ARTHUR
ELSIE,FREDERICK
EDITH,ALBERT
ELIZABETH,CHARLES
WINIFRED,ROBERT
GLADYS,EDWARD
ANNIE,JOSEPH
ALICE,ERNEST
PHYLLIS,ALFRED
HILDA,FRANK
LILIAN,HENRY
IVY,LESLIE
MARJORIE,HAROLD
ETHEL,HARRY
VIOLET,LEONARD
IRENE,RONALD
EDNA,STANLEY
VERA,WALTER
ELLEN,REGINALD
LILY,HERBERT
OLIVE,RICHARD
EILEEN,ERIC
EVELYN,NORMAN
JOAN,CYRIL
ROSE,JACK
SARAH,SIDNEY
NELLIE,DAVID
BEATRICE,KENNETH
MABEL,FRANCIS
MAY,WILFRED
CATHERINE,SAMUEL
FRANCES,SYDNEY
EMILY,PATRICK
ADA,MICHAEL
JESSIE,BERNARD
MURIEL,DONALD
GRACE,PETER
AGNES,HORACE
CONSTANCE,PERCY
GWENDOLINE,CLIFFORD
GERTRUDE,CECIL
NORA,FRED
EVA,MAURICE
JOYCE,VICTOR
NANCY,EDWIN
JANE,RAYMOND
FREDA,PHILIP
BARBARA,ALEXANDER
DAISY,GORDON
ANNE,GEOFFREY
NORAH,DENNIS
AMY,DOUGLAS
IRIS,ALAN
DORA,DANIEL
HELEN,RALPH
LUCY,HUGH
RUTH,LAWRENCE
MARION,BENJAMIN
MAUD,ROY
BETTY,EDGAR
MINNIE,CHRISTOPHER
ELEANOR,ANDREW
RUBY,STEPHEN
IDA,DENIS
HANNAH,GERALD
LILLIAN,HUBERT
ANN,GILBERT
LOUISA,IVOR
BESSIE,TOM
JEAN,ARNOLD
CLARA,ANTHONY
MARIE,BERTRAM
DOREEN,LEWIS
EMMA,LOUIS
MILDRED,EDMUND
ISABELLA,LIONEL
SYLVIA,COLIN
ESTHER,ROLAND
MARTHA,ALEC
BERTHA,MATTHEW
AUDREY,MARTIN
LAURA,LAURENCE
MARGERY,ARCHIBALD
ROSINA,ALLAN
MARIA,CLARENCE
JANET,VINCENT
BRIDGET,BASIL
BERYL,PAUL
ENID,PERCIVAL
JOSEPHINE,HOWARD
CHARLOTTE,EVAN
KATE,CLAUDE
AMELIA,OWEN
PATRICIA,PHILLIP
MILLICENT,TREVOR
MARGARET,JOHN
MARY,WILLIAM
JOAN,GEORGE
JOYCE,JAMES
DOROTHY,THOMAS
KATHLEEN,RONALD
DORIS,KENNETH
IRENE,ROBERT
ELIZABETH,ARTHUR
EILEEN,FREDERICK
BETTY,PETER
JEAN,EDWARD
MARJORIE,ALBERT
GLADYS,CHARLES
DOREEN,LESLIE
VERA,JOSEPH
ELSIE,STANLEY
BARBARA,ERIC
WINIFRED,FRANK
EDNA,DENNIS
AUDREY,DAVID
EDITH,NORMAN
FLORENCE,ERNEST
PHYLLIS,HENRY
LILIAN,LEONARD
HILDA,HAROLD
OLIVE,ALFRED
ANNIE,RAYMOND
VIOLET,DONALD
ALICE,HARRY
PATRICIA,REGINALD
IVY,RICHARD
MURIEL,JACK
IRIS,WALTER
EVELYN,CYRIL
PEGGY,GEOFFREY
CATHERINE,ALAN
ETHEL,DOUGLAS
BERYL,GORDON
GWENDOLINE,MICHAEL
ELLEN,ROY
SYLVIA,BERNARD
SHEILA,FRANCIS
ROSE,PATRICK
CONSTANCE,SIDNEY
FRANCES,HERBERT
LILY,MAURICE
FREDA,CLIFFORD
MARION,ANTHONY
NANCY,VICTOR
GRACE,GERALD
BEATRICE,DEREK
SARAH,PHILIP
AGNES,ALEXANDER
RUTH,WILFRED
MAY,EDWIN
NORA,SAMUEL
BRENDA,DENIS
JESSIE,SYDNEY
PAMELA,CECIL
ANNE,COLIN
HELEN,LAWRENCE
MARIE,FRED
MABEL,RALPH
EVA,DESMOND
MARIA,BRIAN
RUBY,PERCY
NELLIE,TERENCE
HAZEL,CHRISTOPHER
EMILY,HORACE
JOSEPHINE,HUGH
DAPHNE,DANIEL
JANE,ANDREW
ADA,DERRICK
PAULINE,ALLAN
ANN,STEPHEN
ENID,IVOR
GERTRUDE,VINCENT
RITA,TREVOR
JUNE,BASIL
STELLA,ARNOLD
NORAH,ROLAND
MAVIS,BENJAMIN
THELMA,EDGAR
MILDRED,IAN
BRIDGET,KEITH
MONICA,HUBERT
DAISY,PAUL
ELEANOR,MARTIN
LILLIAN,LIONEL
ALMA,MOHAMMED
LUCY,GRAHAM
DORA,HOWARD
CHRISTINE,ALEC
MAUREEN,GILBERT
JANET,EDMUND
ROSEMARY,IVAN
HANNAH,LEWIS
SYBIL,OWEN
AMY,LAURENCE
MARGARET,JOHN
JEAN,PETER
MARY,WILLIAM
JOAN,BRIAN
PATRICIA,DAVID
SHEILA,JAMES
BARBARA,MICHAEL
DOREEN,RONALD
JUNE,KENNETH
SHIRLEY,GEORGE
DOROTHY,ROBERT
JOYCE,THOMAS
MAUREEN,ALAN
ELIZABETH,DEREK
AUDREY,RAYMOND
BRENDA,ANTHONY
KATHLEEN,ROY
SYLVIA,DONALD
EILEEN,DENNIS
PAMELA,EDWARD
BETTY,GORDON
BERYL,TERENCE
ANN,JOSEPH
IRENE,FREDERICK
JANET,ARTHUR
ANNE,COLIN
RITA,ERIC
PAULINE,RICHARD
MAVIS,CHARLES
IRIS,NORMAN
MARJORIE,LESLIE
VALERIE,PATRICK
DORIS,GEOFFREY
MARION,FRANK
MARINA,ALBERT
CATHERINE,KEITH
VERA,LEONARD
JOSEPHINE,BERNARD
EDNA,STANLEY
LILIAN,GERALD
NORMA,REGINALD
ROSEMARY,FRANCIS
PHYLLIS,MAURICE
HAZEL,DOUGLAS
EVELYN,HENRY
EDITH,MALCOLM
OLIVE,ERNEST
WINIFRED,HAROLD
FLORENCE,ALFRED
RUTH,GRAHAM
ELSIE,HARRY
MURIEL,JACK
MARIE,BARRY
DAPHNE,WALTER
FRANCES,IAN
CHRISTINE,PHILIP
THELMA,CHRISTOPHER
GLADYS,BRYAN
MARIA,TREVOR
GWENDOLINE,CLIFFORD
HILDA,CYRIL
VIOLET,VICTOR
HELEN,PAUL
ROSE,DENIS
CYNTHIA,ALLAN
ALICE,ALEXANDER
GILLIAN,ROGER
ENID,MOHAMMED
ANNIE,SIDNEY
YVONNE,CLIVE
FREDA,DANIEL
ELLEN,LAWRENCE
IVY,HERBERT
JANE,EDWIN
PEGGY,SAMUEL
SARAH,RALPH
MARLENE,DERRICK
NANCY,ABDUL
BRIDGET,ANDREW
DIANA,MARTIN
GRACE,HUGH
TERESA,ROBIN
VERONICA,NEVILLE
AGNES,STEPHEN
ANGELA,VINCENT
CONSTANCE,JEFFREY
JENNIFER,IVOR
MARIAN,DESMOND
JILL,WILFRED
WENDY,SYDNEY
ETHEL,IVAN
JOY,BARRIE
JACQUELINE,ROYSTON
GLORIA,CECIL
LILY,NEIL
MOLLY,NOEL
HEATHER,FRED
MAY,ARNOLD
MONICA,RODNEY
JUDITH,ALEC
MARGARET,JOHN
PATRICIA,DAVID
CHRISTINE,MICHAEL
MARY,PETER
JEAN,ROBERT
ANN,ANTHONY
SUSAN,BRIAN
JANET,ALAN
MAUREEN,WILLIAM
BARBARA,JAMES
VALERIE,RICHARD
CAROL,KENNETH
SANDRA,ROGER
PAULINE,KEITH
ELIZABETH,COLIN
JOAN,CHRISTOPHER
PAMELA,RAYMOND
JENNIFER,TERENCE
KATHLEEN,THOMAS
ANNE,BARRY
SHEILA,GEORGE
BRENDA,GRAHAM
GILLIAN,IAN
LINDA,MALCOLM
JACQUELINE,GEOFFREY
SYLVIA,RONALD
CAROLE,DEREK
EILEEN,PAUL
WENDY,EDWARD
JUDITH,ROY
DOROTHY,PATRICK
JUNE,PHILIP
JOYCE,TREVOR
IRENE,DENNIS
DIANE,LESLIE
ROSEMARY,JOSEPH
ANGELA,BERNARD
DOREEN,CHARLES
SHIRLEY,ERIC
MARION,STEPHEN
RITA,MARTIN
CATHERINE,FREDERICK
YVONNE,NORMAN
JOSEPHINE,GORDON
HELEN,ANDREW
BERYL,FRANK
HAZEL,ARTHUR
FRANCES,RODNEY
JANICE,GERALD
ELAINE,CLIVE
DIANA,JEFFREY
VERONICA,DOUGLAS
JANE,DONALD
MARILYN,FRANCIS
LESLEY,STUART
NORMA,VICTOR
MARIA,ROBIN
HEATHER,ALLAN
GLORIA,LEONARD
MARIE,STANLEY
MARJORIE,ALBERT
HILARY,MAURICE
JILL,HENRY
CYNTHIA,HOWARD
RUTH,HARRY
MAVIS,ALEXANDER
AUDREY,KEVIN
MARLENE,CLIFFORD
BETTY,NIGEL
JULIA,BARRIE
EVELYN,REGINALD
PENELOPE,ERNEST
LYNDA,ALFRED
CHRISTINA,ADRIAN
JEANETTE,HAROLD
CAROLYN,NICHOLAS
IRIS,TIMOTHY
ANITA,MELVYN
DENISE,BRYAN
KAY,NEIL
MARIAN,JACK
VERA,DANIEL
TERESA,LAWRENCE
GEORGINA,HUGH
SALLY,DENIS
SARAH,WALTER
BRIDGET,MOHAMMED
LILIAN,TERRY
MONICA,EDWIN
JOY,RALPH
GLENYS,IVAN
JULIE,BRUCE
VIVIENNE,PHILLIP
DAPHNE,VINCENT
CAROLINE,GARY
PHYLLIS,TONY
GWENDOLINE,SAMUEL
GERALDINE,CYRIL
DORIS,SIDNEY
MURIEL,ROYSTON
SUSAN,DAVID
LINDA,JOHN
CHRISTINE,STEPHEN
MARGARET,MICHAEL
JANET,PETER
PATRICIA,ROBERT
CAROL,PAUL
ELIZABETH,ALAN
MARY,CHRISTOPHER
ANNE,RICHARD
ANN,ANTHONY
JANE,ANDREW
JACQUELINE,IAN
BARBARA,JAMES
SANDRA,WILLIAM
GILLIAN,PHILIP
PAULINE,BRIAN
ELAINE,KEITH
LESLEY,GRAHAM
ANGELA,KEVIN
PAMELA,MARTIN
HELEN,COLIN
JENNIFER,STEVEN
VALERIE,THOMAS
JEAN,KENNETH
CATHERINE,RAYMOND
JULIE,NIGEL
KATHLEEN,GEOFFREY
DENISE,TERENCE
MAUREEN,TREVOR
JUDITH,MALCOLM
WENDY,MARK
DIANE,BARRY
SHEILA,GARY
JANICE,GEORGE
LYNN,NICHOLAS
KAREN,DEREK
YVONNE,CHARLES
LYNNE,PATRICK
SHIRLEY,TIMOTHY
MARION,ROGER
MARIA,LESLIE
ROSEMARY,RONALD
CAROLE,CLIVE
JOAN,EDWARD
MARILYN,NEIL
JUNE,JOSEPH
LORRAINE,JEFFREY
LYNDA,STUART
SALLY,ROY
MARIAN,GORDON
BRENDA,JONATHAN
ALISON,SIMON
TERESA,ADRIAN
JULIA,DENNIS
HEATHER,MOHAMMED
MARIE,PHILLIP
EILEEN,ALLAN
DEBORAH,ROBIN
KATHRYN,GERALD
HILARY,FRANCIS
CAROLINE,ERIC
SHARON,BERNARD
SYLVIA,DONALD
RUTH,FRANK
IRENE,NORMAN
DOROTHY,FREDERICK
SARAH,HOWARD
FRANCES,DOUGLAS
JOSEPHINE,JEREMY
JILL,ALEXANDER
JOYCE,ARTHUR
HAZEL,DANIEL
ANNETTE,ABDUL
BEVERLEY,MARTYN
GAIL,LEONARD
RITA,LAWRENCE
GERALDINE,GERARD
DIANA,TONY
CAROLYN,BRYAN
CHRISTINA,CLIFFORD
PENELOPE,GARRY
JEANETTE,HENRY
SUZANNE,MOHAMMAD
AMANDA,GARETH
DAWN,STANLEY
THERESA,VINCENT
ANNA,VICTOR
JOY,HUGH
DOREEN,MOHAMED
FIONA,STEWART
CHERYL,TERRY
KAY,ALBERT
GLYNIS,GREGORY
ANITA,MAURICE
STEPHANIE,JULIAN
NICOLA,DENIS
VERONICA,GLENN
ANDREA,ANTONY
AUDREY,HARRY
SUSAN,DAVID
JULIE,PAUL
KAREN,ANDREW
JACQUELINE,MARK
DEBORAH,JOHN
TRACEY,MICHAEL
JANE,STEPHEN
HELEN,IAN
DIANE,ROBERT
SHARON,RICHARD
TRACY,CHRISTOPHER
ANGELA,PETER
SARAH,SIMON
ALISON,ANTHONY
CAROLINE,KEVIN
AMANDA,GARY
SANDRA,STEVEN
LINDA,MARTIN
CATHERINE,JAMES
ELIZABETH,PHILIP
CAROL,ALAN
JOANNE,NEIL
WENDY,NIGEL
JANET,TIMOTHY
DAWN,COLIN
CHRISTINE,GRAHAM
NICOLA,JONATHAN
GILLIAN,NICHOLAS
SALLY,WILLIAM
MARIA,ADRIAN
MICHELLE,BRIAN
DEBRA,STUART
PAULA,KEITH
ANNE,THOMAS
LORRAINE,PATRICK
PATRICIA,SEAN
MARY,CARL
DENISE,TREVOR
MARGARET,WAYNE
ANN,SHAUN
BEVERLEY,KENNETH
DONNA,BARRY
ELAINE,DEREK
FIONA,DEAN
JENNIFER,RAYMOND
LESLEY,ANTONY
LOUISE,JEREMY
MANDY,JOSEPH
TINA,EDWARD
JAYNE,LEE
SUZANNE,TERENCE
ANDREA,MATTHEW
PAULINE,DANIEL
LISA,GEORGE
CLAIRE,RUSSELL
KIM,CHARLES
JULIA,JEFFREY
TERESA,CLIVE
HEATHER,PHILLIP
KATHRYN,CRAIG
LYNN,ROGER
RUTH,JULIAN
YVONNE,GEOFFREY
JUDITH,KARL
MELANIE,MALCOLM
MARIE,DARREN
PAMELA,TONY
CAROLE,ADAM
BARBARA,ROBIN
GAIL,GARRY
LYNNE,ROY
CLARE,VINCENT
JANICE,MOHAMMED
RACHEL,GORDON
JILL,DUNCAN
KATHERINE,LESLIE
KATHLEEN,ALEXANDER
SHIRLEY,GREGORY
ANNETTE,GARETH
CAROLYN,RONALD
ANNA,DOUGLAS
SARA,FRANCIS
VALERIE,STEWART
CHERYL,GRAEME
JEANETTE,GUY
KAY,TERRY
ANITA,MARTYN
MAXINE,ERIC
FRANCES,ALLAN
JOANNA,GERARD
THERESA,GERALD
DEBBIE,HOWARD
LYNDA,JASON
MAUREEN,IAIN
ROSEMARY,GLENN
MICHELE,DENNIS
LAURA,GAVIN
REBECCA,BRUCE
SHEILA,DONALD
STEPHANIE,DOMINIC
SARAH,PAUL
CLAIRE,MARK
NICOLA,DAVID
EMMA,ANDREW
LISA,RICHARD
JOANNE,CHRISTOPHER
MICHELLE,JAMES
HELEN,SIMON
SAMANTHA,MICHAEL
KAREN,MATTHEW
AMANDA,STEPHEN
RACHEL,LEE
LOUISE,JOHN
JULIE,ROBERT
CLARE,DARREN
REBECCA,DANIEL
SHARON,STEVEN
VICTORIA,JASON
CAROLINE,NICHOLAS
SUSAN,JONATHAN
ALISON,IAN
CATHERINE,NEIL
ELIZABETH,PETER
DEBORAH,STUART
DONNA,ANTHONY
TRACEY,MARTIN
TRACY,KEVIN
ANGELA,CRAIG
JANE,PHILIP
ZOE,GARY
KERRY,SCOTT
MELANIE,WAYNE
SALLY,TIMOTHY
JENNIFER,BENJAMIN
DAWN,ADAM
ANDREA,ALAN
SUZANNE,DEAN
LUCY,ADRIAN
JOANNA,CARL
ANNA,THOMAS
CHARLOTTE,WILLIAM
PAULA,GRAHAM
KATHERINE,ALEXANDER
MARIA,COLIN
MARIE,JAMIE
FIONA,GARETH
KELLY,JUSTIN
NATALIE,BARRY
KATHRYN,CHRISTIAN
JACQUELINE,KARL
WENDY,BRIAN
SARA,EDWARD
HAYLEY,KEITH
LAURA,MARC
NATASHA,NIGEL
RUTH,SEAN
LORRAINE,SHAUN
TINA,NATHAN
RACHAEL,JOSEPH
ANNE,RUSSELL
STEPHANIE,MOHAMMED
KIRSTY,JEREMY
CHRISTINE,PHILLIP
JULIA,DAMIAN
GILLIAN,SHANE
CHERYL,DUNCAN
HANNAH,PATRICK
VANESSA,JULIAN
ANN,DOMINIC
JAYNE,CHARLES
DIANE,MARCUS
HEATHER,GAVIN
SANDRA,TONY
TERESA,ANTONY
KATE,ROBIN
LINDA,TREVOR
MARY,GLEN
ELAINE,IAIN
GEORGINA,RYAN
EMILY,MARTYN
KATIE,GREGORY
ALEXANDRA,SAMUEL
NICHOLA,GEORGE
CAROL,OLIVER
SOPHIE,RAYMOND
HEIDI,ABDUL
KIM,MATHEW
TANYA,STEWART
PATRICIA,MALCOLM
BEVERLEY,GARRY
LEANNE,LEON
DENISE,BRETT
TARA,TERRY
CLAIR,KENNETH
SONIA,LUKE
DEBBIE,ROGER
LESLEY,GLENN
ANITA,LEIGH
LINDSEY,TERENCE
DEBRA,DEREK
SARAH,CHRISTOPHER
LAURA,JAMES
GEMMA,DAVID
EMMA,DANIEL
REBECCA,MICHAEL
CLAIRE,MATTHEW
VICTORIA,ANDREW
SAMANTHA,RICHARD
RACHEL,PAUL
AMY,MARK
JENNIFER,THOMAS
NICOLA,ADAM
KATIE,ROBERT
LISA,JOHN
KELLY,LEE
NATALIE,BENJAMIN
LOUISE,STEVEN
MICHELLE,JONATHAN
HAYLEY,CRAIG
HANNAH,STEPHEN
HELEN,SIMON
CHARLOTTE,NICHOLAS
JOANNE,PETER
LUCY,ANTHONY
ELIZABETH,ALEXANDER
LEANNE,GARY
DANIELLE,IAN
DONNA,RYAN
KATHERINE,LUKE
CLARE,JAMIE
STEPHANIE,STUART
STACEY,PHILIP
LAUREN,DARREN
JOANNA,WILLIAM
KERRY,GARETH
EMILY,MARTIN
CATHERINE,KEVIN
SOPHIE,SCOTT
ANNA,DEAN
JESSICA,JOSEPH
ZOE,JASON
KIRSTY,NEIL
KIMBERLEY,SAMUEL
KATE,CARL
JENNA,BEN
CAROLINE,SEAN
NATASHA,TIMOTHY
RACHAEL,OLIVER
AMANDA,ASHLEY
KATHRYN,WAYNE
KAREN,EDWARD
ALEXANDRA,SHAUN
JODIE,AARON
ALISON,MOHAMMED
SARA,GAVIN
JEMMA,LIAM
CARLY,NATHAN
HEATHER,ALAN
HOLLY,GRAHAM
RUTH,ROSS
FIONA,KARL
MELISSA,MARC
ANGELA,ADRIAN
SUZANNE,PHILLIP
KATY,PATRICK
MARIE,LEWIS
NAOMI,COLIN
CHERYL,RUSSELL
MELANIE,CHARLES
SALLY,SHANE
JULIE,GEORGE
CHARLENE,SAM
JADE,MATHEW
SIAN,JACK
TRACEY,RICKY
ELEANOR,DALE
DEBORAH,TONY
MARIA,JOSHUA
LINDSEY,ALEX
ABIGAIL,DOMINIC
LINDSAY,BARRY
SUSAN,LEON
ALICE,MOHAMMAD
GEORGINA,TERRY
AIMEE,GREGORY
JANE,DANNY
KIM,BRIAN
CARLA,KEITH
CHRISTINE,ANTONY
DAWN,KIERAN
TANYA,JUSTIN
JENNY,BRADLEY
ANDREA,JORDAN
LYNDSEY,MARTYN
JACQUELINE,LEIGH
LYNSEY,ABDUL
CHLOE,DAMIEN
MARY,STEWART
LEAH,ROBIN
TONI,IAIN
REBECCA,THOMAS
LAUREN,JAMES
JESSICA,JACK
CHARLOTTE,DANIEL
HANNAH,MATTHEW
SOPHIE,RYAN
AMY,JOSHUA
EMILY,LUKE
LAURA,SAMUEL
EMMA,JORDAN
CHLOE,ADAM
SARAH,MICHAEL
LUCY,ALEXANDER
KATIE,CHRISTOPHER
BETHANY,BENJAMIN
JADE,JOSEPH
MEGAN,LIAM
ALICE,JAKE
RACHEL,WILLIAM
SAMANTHA,ANDREW
DANIELLE,GEORGE
HOLLY,LEWIS
ABIGAIL,OLIVER
OLIVIA,DAVID
STEPHANIE,ROBERT
ELIZABETH,JAMIE
VICTORIA,NATHAN
NATASHA,CONNOR
GEORGIA,JONATHAN
ZOE,HARRY
NATALIE,CALLUM
ELEANOR,AARON
SHANNON,ASHLEY
PAIGE,BRADLEY
GEORGINA,JACOB
GEMMA,KIERAN
NICOLE,SCOTT
CHELSEA,SAM
KIRSTY,JOHN
ALEXANDRA,BEN
MELISSA,MOHAMMED
JENNIFER,NICHOLAS
HAYLEY,KYLE
LOUISE,CHARLES
KATHERINE,MARK
JODIE,SEAN
GRACE,EDWARD
ANNA,STEPHEN
MOLLY,RICHARD
AMBER,ALEX
JASMINE,PETER
KAYLEIGH,DOMINIC
KELLY,JOE
HARRIET,REECE
ASHLEIGH,LEE
CATHERINE,RHYS
LEAH,STEVEN
NICOLA,ANTHONY
FRANCESCA,CHARLIE
NAOMI,PAUL
KATE,CRAIG
ABBIE,JASON
CLAIRE,DALE
LEANNE,ROSS
RACHAEL,CAMERON
ROSIE,LOUIS
AIMEE,DEAN
ELLIE,CONOR
SIAN,SHANE
KIMBERLEY,ELLIOT
LYDIA,PATRICK
HOLLIE,MAX
STACEY,SHAUN
BETHAN,HENRY
AMELIA,SIMON
BETH,TIMOTHY
KATHRYN,MITCHELL
HEATHER,BILLY
LISA,PHILIP
HELEN,JOEL
ELLA,JOSH
ROBYN,MARCUS
CHANTELLE,DYLAN
ELLEN,CARL
DAISY,ELLIOTT
DEMI,BRANDON
COURTNEY,MARTIN
GABRIELLE,TOBY
YASMIN,STUART
LILY,GARETH
RHIANNON,DANNY
MARIA,CHRISTIAN
KERRY,TOM
IMOGEN,DECLAN
REBEKAH,KARL
JORDAN,MOHAMMAD
JOANNA,MATHEW
CAITLIN,JAY
JEMMA,OWEN
TONI,DARREN